wave[um],flux[W/m^2/um]
0.3001,1.4140e-19
0.3003,1.4751e-19
0.3005,1.5328e-19
0.3006,1.5783e-19
0.3008,1.6149e-19
0.3009,1.6453e-19
0.3011,1.6715e-19
0.3012,1.6946e-19
0.3014,1.7149e-19
0.3015,1.7324e-19
0.3017,1.7477e-19
0.3018,1.7615e-19
0.3020,1.7727e-19
0.3021,1.7807e-19
0.3023,1.7845e-19
0.3024,1.7820e-19
0.3026,1.7695e-19
0.3027,1.7394e-19
0.3029,1.6770e-19
0.3030,1.5491e-19
0.3032,1.2853e-19
0.3033,8.2459e-20
0.3035,3.4370e-20
0.3036,2.5934e-20
0.3038,6.6968e-20
0.3039,1.2024e-19
0.3041,1.5615e-19
0.3042,1.7558e-19
0.3044,1.8654e-19
0.3045,1.9348e-19
0.3047,1.9840e-19
0.3048,2.0250e-19
0.3050,2.0619e-19
0.3051,2.0901e-19
0.3053,2.1121e-19
0.3054,2.1314e-19
0.3056,2.1488e-19
0.3058,2.1645e-19
0.3059,2.1790e-19
0.3061,2.1922e-19
0.3062,2.2049e-19
0.3064,2.2160e-19
0.3065,2.2261e-19
0.3067,2.2364e-19
0.3068,2.2463e-19
0.3070,2.2549e-19
0.3071,2.2612e-19
0.3073,2.2660e-19
0.3074,2.2695e-19
0.3076,2.2722e-19
0.3077,2.2738e-19
0.3079,2.2713e-19
0.3081,2.2650e-19
0.3082,2.2568e-19
0.3084,2.2448e-19
0.3085,2.2265e-19
0.3087,2.1996e-19
0.3088,2.1605e-19
0.3090,2.1047e-19
0.3091,2.0262e-19
0.3093,1.9122e-19
0.3094,1.7435e-19
0.3096,1.4943e-19
0.3098,1.1387e-19
0.3099,6.9467e-20
0.3101,2.8639e-20
0.3102,7.4494e-21
0.3104,1.0352e-20
0.3105,3.7638e-20
0.3107,8.2248e-20
0.3108,1.2695e-19
0.3110,1.6164e-19
0.3111,1.8600e-19
0.3113,2.0277e-19
0.3115,2.1444e-19
0.3116,2.2284e-19
0.3118,2.2911e-19
0.3119,2.3386e-19
0.3121,2.3745e-19
0.3122,2.4029e-19
0.3124,2.4253e-19
0.3126,2.4425e-19
0.3127,2.4567e-19
0.3129,2.4669e-19
0.3130,2.4748e-19
0.3132,2.4820e-19
0.3133,2.4882e-19
0.3135,2.4917e-19
0.3136,2.4927e-19
0.3138,2.4923e-19
0.3140,2.4901e-19
0.3141,2.4876e-19
0.3143,2.4846e-19
0.3144,2.4802e-19
0.3146,2.4758e-19
0.3147,2.4701e-19
0.3149,2.4628e-19
0.3151,2.4544e-19
0.3152,2.4456e-19
0.3154,2.4356e-19
0.3155,2.4239e-19
0.3157,2.4093e-19
0.3159,2.3949e-19
0.3160,2.3807e-19
0.3162,2.3654e-19
0.3163,2.3492e-19
0.3165,2.3330e-19
0.3166,2.3162e-19
0.3168,2.2976e-19
0.3170,2.2768e-19
0.3171,2.2553e-19
0.3173,2.2330e-19
0.3174,2.2084e-19
0.3176,2.1827e-19
0.3178,2.1562e-19
0.3179,2.1290e-19
0.3181,2.1004e-19
0.3182,2.0704e-19
0.3184,2.0390e-19
0.3185,2.0073e-19
0.3187,1.9748e-19
0.3189,1.9390e-19
0.3190,1.9008e-19
0.3192,1.8617e-19
0.3193,1.8199e-19
0.3195,1.7748e-19
0.3197,1.7271e-19
0.3198,1.6767e-19
0.3200,1.6228e-19
0.3201,1.5626e-19
0.3203,1.4948e-19
0.3205,1.4186e-19
0.3206,1.3293e-19
0.3208,1.2200e-19
0.3209,1.0825e-19
0.3211,9.0458e-20
0.3213,6.7554e-20
0.3214,4.0658e-20
0.3216,1.6581e-20
0.3217,3.9961e-21
0.3219,4.1017e-21
0.3221,1.6231e-20
0.3222,3.7285e-20
0.3224,5.7652e-20
0.3226,7.1515e-20
0.3227,7.9144e-20
0.3229,8.2518e-20
0.3230,8.3160e-20
0.3232,8.2081e-20
0.3234,7.9931e-20
0.3235,7.7148e-20
0.3237,7.3952e-20
0.3238,7.0487e-20
0.3240,6.6851e-20
0.3242,6.3103e-20
0.3243,5.9279e-20
0.3245,5.5429e-20
0.3247,5.1594e-20
0.3248,4.7810e-20
0.3250,4.4093e-20
0.3251,4.0473e-20
0.3253,3.6966e-20
0.3255,3.3569e-20
0.3256,3.0304e-20
0.3258,2.7195e-20
0.3260,2.4243e-20
0.3261,2.1449e-20
0.3263,1.8829e-20
0.3264,1.6385e-20
0.3266,1.4120e-20
0.3268,1.2041e-20
0.3269,1.0147e-20
0.3271,8.4398e-21
0.3273,6.9202e-21
0.3274,5.5848e-21
0.3276,4.4251e-21
0.3278,3.4320e-21
0.3279,2.5983e-21
0.3281,1.9145e-21
0.3282,1.3671e-21
0.3284,9.4125e-22
0.3286,6.2122e-22
0.3287,3.9037e-22
0.3289,2.3169e-22
0.3291,1.2869e-22
0.3292,6.6268e-23
0.3294,3.1277e-23
0.3296,1.3252e-23
0.3297,4.7890e-24
0.3299,1.3247e-24
0.3301,2.3639e-25
0.3302,2.1644e-26
0.3304,3.9762e-27
0.3306,6.5605e-26
0.3307,5.4031e-25
0.3309,2.5197e-24
0.3310,8.1674e-24
0.3312,2.1312e-23
0.3314,4.8637e-23
0.3315,1.0063e-22
0.3317,1.9178e-22
0.3319,3.4028e-22
0.3320,5.6730e-22
0.3322,8.9604e-22
0.3324,1.3516e-21
0.3325,1.9602e-21
0.3327,2.7477e-21
0.3329,3.7385e-21
0.3330,4.9570e-21
0.3332,6.4253e-21
0.3334,8.1665e-21
0.3335,1.0203e-20
0.3337,1.2555e-20
0.3339,1.5234e-20
0.3340,1.8249e-20
0.3342,2.1623e-20
0.3344,2.5367e-20
0.3345,2.9478e-20
0.3347,3.3986e-20
0.3349,3.8878e-20
0.3350,4.4135e-20
0.3352,4.9734e-20
0.3354,5.5707e-20
0.3355,6.2131e-20
0.3357,6.8977e-20
0.3359,7.6173e-20
0.3360,8.3688e-20
0.3362,9.1604e-20
0.3364,9.9891e-20
0.3366,1.0868e-19
0.3367,1.1793e-19
0.3369,1.2736e-19
0.3371,1.3694e-19
0.3372,1.4682e-19
0.3374,1.5682e-19
0.3376,1.6720e-19
0.3377,1.7814e-19
0.3379,1.8939e-19
0.3381,2.0083e-19
0.3382,2.1235e-19
0.3384,2.2444e-19
0.3386,2.3678e-19
0.3387,2.4872e-19
0.3389,2.6049e-19
0.3391,2.7272e-19
0.3393,2.8505e-19
0.3394,2.9716e-19
0.3396,3.0932e-19
0.3398,3.2167e-19
0.3399,3.3418e-19
0.3401,3.4706e-19
0.3403,3.6002e-19
0.3404,3.7234e-19
0.3406,3.8430e-19
0.3408,3.9643e-19
0.3410,4.0838e-19
0.3411,4.1991e-19
0.3413,4.3127e-19
0.3415,4.4129e-19
0.3416,4.4981e-19
0.3418,4.5723e-19
0.3420,4.6389e-19
0.3422,4.6857e-19
0.3423,4.7053e-19
0.3425,4.6995e-19
0.3427,4.6493e-19
0.3428,4.5472e-19
0.3430,4.3855e-19
0.3432,4.1544e-19
0.3433,3.8428e-19
0.3435,3.4366e-19
0.3437,2.9081e-19
0.3439,2.2637e-19
0.3440,1.5529e-19
0.3442,8.6984e-20
0.3444,3.5433e-20
0.3446,8.9091e-21
0.3447,1.3651e-21
0.3449,3.4941e-21
0.3451,1.9732e-20
0.3452,6.2491e-20
0.3454,1.3300e-19
0.3456,2.1995e-19
0.3458,3.1148e-19
0.3459,3.9974e-19
0.3461,4.8121e-19
0.3463,5.5433e-19
0.3465,6.1799e-19
0.3466,6.7121e-19
0.3468,7.1911e-19
0.3470,7.6326e-19
0.3471,8.0256e-19
0.3473,8.3736e-19
0.3475,8.7045e-19
0.3477,9.0487e-19
0.3478,9.3890e-19
0.3480,9.7083e-19
0.3482,9.9591e-19
0.3484,1.0189e-18
0.3485,1.0454e-18
0.3487,1.0771e-18
0.3489,1.1044e-18
0.3491,1.1270e-18
0.3492,1.1512e-18
0.3494,1.1779e-18
0.3496,1.2054e-18
0.3498,1.2281e-18
0.3499,1.2450e-18
0.3501,1.2651e-18
0.3503,1.2866e-18
0.3505,1.2923e-18
0.3506,1.3025e-18
0.3508,1.3176e-18
0.3510,1.3134e-18
0.3512,1.3135e-18
0.3513,1.3156e-18
0.3515,1.3147e-18
0.3517,1.3203e-18
0.3519,1.3461e-18
0.3520,1.3933e-18
0.3522,1.4468e-18
0.3524,1.4437e-18
0.3526,1.4419e-18
0.3527,1.4655e-18
0.3529,1.4737e-18
0.3531,1.4866e-18
0.3533,1.5274e-18
0.3534,1.5602e-18
0.3536,1.5734e-18
0.3538,1.5998e-18
0.3540,1.6382e-18
0.3542,1.6572e-18
0.3543,1.6571e-18
0.3545,1.6527e-18
0.3547,1.6613e-18
0.3549,1.6705e-18
0.3550,1.6598e-18
0.3552,1.6882e-18
0.3554,1.7012e-18
0.3556,1.7416e-18
0.3558,1.7477e-18
0.3559,1.7449e-18
0.3561,1.7699e-18
0.3563,1.7750e-18
0.3565,1.8416e-18
0.3566,1.8734e-18
0.3568,1.8573e-18
0.3570,1.9075e-18
0.3572,1.9239e-18
0.3574,1.9529e-18
0.3575,2.0144e-18
0.3577,2.0083e-18
0.3579,2.0030e-18
0.3581,2.0528e-18
0.3583,2.0382e-18
0.3584,2.0409e-18
0.3586,2.0771e-18
0.3588,2.0354e-18
0.3590,2.0017e-18
0.3591,2.0616e-18
0.3593,2.0877e-18
0.3595,2.0832e-18
0.3597,2.1246e-18
0.3599,2.1424e-18
0.3600,2.1214e-18
0.3602,2.1115e-18
0.3604,2.1594e-18
0.3606,2.1357e-18
0.3608,2.1437e-18
0.3609,2.2699e-18
0.3611,2.3001e-18
0.3613,2.2229e-18
0.3615,2.2229e-18
0.3617,2.3261e-18
0.3619,2.3350e-18
0.3620,2.2539e-18
0.3622,2.3611e-18
0.3624,2.4875e-18
0.3626,2.4567e-18
0.3628,2.2914e-18
0.3629,2.2336e-18
0.3631,2.2801e-18
0.3633,2.2929e-18
0.3635,2.3002e-18
0.3637,2.3033e-18
0.3638,2.3808e-18
0.3640,2.3880e-18
0.3642,2.3551e-18
0.3644,2.3983e-18
0.3646,2.4317e-18
0.3648,2.4519e-18
0.3649,2.4541e-18
0.3651,2.4445e-18
0.3653,2.5695e-18
0.3655,2.6707e-18
0.3657,2.6218e-18
0.3659,2.5980e-18
0.3660,2.6835e-18
0.3662,2.7343e-18
0.3664,2.7767e-18
0.3666,2.7572e-18
0.3668,2.6742e-18
0.3670,2.6371e-18
0.3671,2.5496e-18
0.3673,2.3824e-18
0.3675,2.3068e-18
0.3677,2.3275e-18
0.3679,2.3946e-18
0.3681,2.3675e-18
0.3682,2.4032e-18
0.3684,2.5443e-18
0.3686,2.5949e-18
0.3688,2.5665e-18
0.3690,2.5785e-18
0.3692,2.5537e-18
0.3693,2.4634e-18
0.3695,2.4520e-18
0.3697,2.5969e-18
0.3699,2.6708e-18
0.3701,2.5893e-18
0.3703,2.5973e-18
0.3705,2.7189e-18
0.3706,2.8123e-18
0.3708,2.8314e-18
0.3710,2.7170e-18
0.3712,2.6323e-18
0.3714,2.5957e-18
0.3716,2.5998e-18
0.3718,2.5799e-18
0.3719,2.6102e-18
0.3721,2.6376e-18
0.3723,2.6458e-18
0.3725,2.7297e-18
0.3727,2.7279e-18
0.3729,2.6340e-18
0.3731,2.5612e-18
0.3732,2.5381e-18
0.3734,2.7220e-18
0.3736,2.8360e-18
0.3738,2.7289e-18
0.3740,2.7318e-18
0.3742,2.8196e-18
0.3744,2.9955e-18
0.3746,3.1205e-18
0.3747,2.9741e-18
0.3749,2.8255e-18
0.3751,2.8584e-18
0.3753,2.9152e-18
0.3755,2.7888e-18
0.3757,2.6472e-18
0.3759,2.6663e-18
0.3761,2.6478e-18
0.3762,2.6091e-18
0.3764,2.5556e-18
0.3766,2.4623e-18
0.3768,2.4501e-18
0.3770,2.5066e-18
0.3772,2.5075e-18
0.3774,2.4360e-18
0.3776,2.4408e-18
0.3777,2.5266e-18
0.3779,2.6431e-18
0.3781,2.6826e-18
0.3783,2.6203e-18
0.3785,2.7380e-18
0.3787,2.7996e-18
0.3789,2.6048e-18
0.3791,2.5562e-18
0.3793,2.7061e-18
0.3795,2.6756e-18
0.3796,2.5625e-18
0.3798,2.6088e-18
0.3800,2.7328e-18
0.3802,2.6165e-18
0.3804,2.5377e-18
0.3806,2.6480e-18
0.3808,2.7314e-18
0.3810,2.6349e-18
0.3812,2.4521e-18
0.3814,2.4010e-18
0.3815,2.3669e-18
0.3817,2.4306e-18
0.3819,2.5286e-18
0.3821,2.5108e-18
0.3823,2.4674e-18
0.3825,2.4237e-18
0.3827,2.3066e-18
0.3829,2.2009e-18
0.3831,2.2063e-18
0.3833,2.1829e-18
0.3835,2.2863e-18
0.3836,2.3246e-18
0.3838,2.3411e-18
0.3840,2.6147e-18
0.3842,2.7795e-18
0.3844,2.6262e-18
0.3846,2.5487e-18
0.3848,2.5506e-18
0.3850,2.4487e-18
0.3852,2.2551e-18
0.3854,1.9697e-18
0.3856,1.8343e-18
0.3858,1.9164e-18
0.3860,2.0025e-18
0.3861,2.0763e-18
0.3863,2.0835e-18
0.3865,2.0098e-18
0.3867,1.9231e-18
0.3869,1.8311e-18
0.3871,1.8657e-18
0.3873,1.8773e-18
0.3875,1.8104e-18
0.3877,1.8205e-18
0.3879,1.9210e-18
0.3881,2.0992e-18
0.3883,2.2165e-18
0.3885,2.1841e-18
0.3887,2.1673e-18
0.3889,2.0159e-18
0.3891,1.8422e-18
0.3892,1.5690e-18
0.3894,1.3507e-18
0.3896,1.3368e-18
0.3898,1.4490e-18
0.3900,1.4778e-18
0.3902,1.6318e-18
0.3904,1.8338e-18
0.3906,1.7841e-18
0.3908,1.6928e-18
0.3910,1.7008e-18
0.3912,1.6735e-18
0.3914,1.6483e-18
0.3916,1.5937e-18
0.3918,1.6566e-18
0.3920,1.9550e-18
0.3922,2.0421e-18
0.3924,1.8571e-18
0.3926,1.6524e-18
0.3928,1.4604e-18
0.3930,1.3786e-18
0.3932,1.3044e-18
0.3934,1.1962e-18
0.3936,1.0783e-18
0.3937,1.0593e-18
0.3939,1.1803e-18
0.3941,1.3145e-18
0.3943,1.3717e-18
0.3945,1.4004e-18
0.3947,1.4253e-18
0.3949,1.4693e-18
0.3951,1.5499e-18
0.3953,1.5724e-18
0.3955,1.5070e-18
0.3957,1.4180e-18
0.3959,1.5118e-18
0.3961,1.6213e-18
0.3963,1.5028e-18
0.3965,1.2843e-18
0.3967,1.1228e-18
0.3969,1.0610e-18
0.3971,1.0553e-18
0.3973,9.8543e-19
0.3975,8.9549e-19
0.3977,8.4695e-19
0.3979,8.3371e-19
0.3981,8.9170e-19
0.3983,9.4217e-19
0.3985,1.0136e-18
0.3987,9.9132e-19
0.3989,9.7463e-19
0.3991,1.0860e-18
0.3993,1.2040e-18
0.3995,1.2161e-18
0.3997,1.0696e-18
0.3999,9.6611e-19
0.4001,9.7222e-19
0.4003,9.0084e-19
0.4005,7.6228e-19
0.4007,6.2830e-19
0.4009,5.5168e-19
0.4011,5.2790e-19
0.4013,5.3726e-19
0.4015,5.3044e-19
0.4017,5.0931e-19
0.4019,4.9420e-19
0.4021,4.8518e-19
0.4023,4.8653e-19
0.4025,4.5372e-19
0.4027,4.1908e-19
0.4029,3.9224e-19
0.4031,3.4106e-19
0.4033,2.6871e-19
0.4035,2.0114e-19
0.4037,1.2959e-19
0.4039,6.4380e-20
0.4041,2.3420e-20
0.4043,5.6218e-21
0.4045,7.6691e-22
0.4047,4.3215e-22
0.4049,3.4667e-21
0.4051,1.6020e-20
0.4053,4.5687e-20
0.4055,9.2045e-20
0.4057,1.4140e-19
0.4059,1.9168e-19
0.4061,2.5803e-19
0.4063,3.3789e-19
0.4065,3.9471e-19
0.4068,4.4131e-19
0.4070,5.1527e-19
0.4072,5.9590e-19
0.4074,6.5165e-19
0.4076,6.4678e-19
0.4078,6.1875e-19
0.4080,6.6321e-19
0.4082,6.6452e-19
0.4084,5.7206e-19
0.4086,4.5921e-19
0.4088,4.0127e-19
0.4090,3.6937e-19
0.4092,3.7838e-19
0.4094,4.3293e-19
0.4096,4.3825e-19
0.4098,4.5745e-19
0.4100,5.0338e-19
0.4102,5.3803e-19
0.4104,5.6760e-19
0.4106,5.8070e-19
0.4108,6.2328e-19
0.4110,7.0533e-19
0.4113,7.5202e-19
0.4115,7.4553e-19
0.4117,7.6791e-19
0.4119,8.3892e-19
0.4121,8.8017e-19
0.4123,8.5892e-19
0.4125,7.0151e-19
0.4127,5.5020e-19
0.4129,4.7599e-19
0.4131,4.2427e-19
0.4133,3.7649e-19
0.4135,3.3847e-19
0.4137,3.1689e-19
0.4139,3.4191e-19
0.4141,3.9401e-19
0.4143,4.3745e-19
0.4146,4.6457e-19
0.4148,4.8876e-19
0.4150,5.0931e-19
0.4152,5.3105e-19
0.4154,5.9074e-19
0.4156,6.2051e-19
0.4158,6.3288e-19
0.4160,6.7803e-19
0.4162,7.3194e-19
0.4164,6.7361e-19
0.4166,5.7041e-19
0.4168,5.0151e-19
0.4170,4.4883e-19
0.4173,3.9310e-19
0.4175,3.3554e-19
0.4177,2.9848e-19
0.4179,2.8484e-19
0.4181,3.0320e-19
0.4183,3.5615e-19
0.4185,3.8115e-19
0.4187,3.8774e-19
0.4189,4.3012e-19
0.4191,4.7955e-19
0.4193,5.0360e-19
0.4196,5.2351e-19
0.4198,5.5575e-19
0.4200,6.0380e-19
0.4202,6.1761e-19
0.4204,6.3846e-19
0.4206,6.4643e-19
0.4208,5.6554e-19
0.4210,4.5704e-19
0.4212,4.0670e-19
0.4214,3.4751e-19
0.4217,2.9325e-19
0.4219,2.8519e-19
0.4221,3.1022e-19
0.4223,3.3321e-19
0.4225,3.3996e-19
0.4227,3.5424e-19
0.4229,3.8527e-19
0.4231,4.1515e-19
0.4233,4.5663e-19
0.4236,4.9771e-19
0.4238,5.2263e-19
0.4240,4.8963e-19
0.4242,4.6194e-19
0.4244,5.2047e-19
0.4246,5.9170e-19
0.4248,6.2178e-19
0.4250,6.1005e-19
0.4253,5.2415e-19
0.4255,4.3313e-19
0.4257,3.8318e-19
0.4259,3.5351e-19
0.4261,3.4087e-19
0.4263,3.5624e-19
0.4265,3.6842e-19
0.4267,3.6807e-19
0.4270,3.6205e-19
0.4272,3.4619e-19
0.4274,3.2181e-19
0.4276,3.0407e-19
0.4278,3.2126e-19
0.4280,3.5622e-19
0.4282,3.6358e-19
0.4285,3.8473e-19
0.4287,4.6868e-19
0.4289,5.3781e-19
0.4291,5.5257e-19
0.4293,5.2089e-19
0.4295,4.6696e-19
0.4297,4.2683e-19
0.4300,4.1784e-19
0.4302,4.0557e-19
0.4304,3.7767e-19
0.4306,3.7588e-19
0.4308,3.8926e-19
0.4310,3.8428e-19
0.4313,3.5613e-19
0.4315,3.2916e-19
0.4317,3.0760e-19
0.4319,2.9520e-19
0.4321,2.9615e-19
0.4323,3.0729e-19
0.4325,3.4374e-19
0.4328,3.9486e-19
0.4330,4.1440e-19
0.4332,4.0951e-19
0.4334,4.4234e-19
0.4336,4.7813e-19
0.4338,4.5061e-19
0.4341,4.3853e-19
0.4343,4.4652e-19
0.4345,4.3428e-19
0.4347,4.1953e-19
0.4349,4.3130e-19
0.4351,4.2786e-19
0.4354,3.7841e-19
0.4356,3.2978e-19
0.4358,3.2157e-19
0.4360,3.3601e-19
0.4362,3.4524e-19
0.4365,3.4928e-19
0.4367,3.6576e-19
0.4369,3.8898e-19
0.4371,4.1669e-19
0.4373,4.4998e-19
0.4375,4.9474e-19
0.4378,5.3063e-19
0.4380,5.2007e-19
0.4382,5.3156e-19
0.4384,5.4641e-19
0.4386,5.2632e-19
0.4389,4.9899e-19
0.4391,4.5849e-19
0.4393,4.2821e-19
0.4395,3.9924e-19
0.4397,3.8115e-19
0.4400,3.9107e-19
0.4402,4.0967e-19
0.4404,4.1040e-19
0.4406,4.2454e-19
0.4408,4.5011e-19
0.4411,4.7147e-19
0.4413,5.0798e-19
0.4415,5.3848e-19
0.4417,5.3740e-19
0.4419,4.8345e-19
0.4422,4.0254e-19
0.4424,3.4869e-19
0.4426,3.5423e-19
0.4428,3.7921e-19
0.4431,4.0360e-19
0.4433,4.1882e-19
0.4435,4.2511e-19
0.4437,4.1667e-19
0.4439,3.9992e-19
0.4442,3.9761e-19
0.4444,3.9881e-19
0.4446,4.1169e-19
0.4448,4.2936e-19
0.4450,4.3286e-19
0.4453,4.3821e-19
0.4455,4.6001e-19
0.4457,4.8007e-19
0.4459,4.7589e-19
0.4462,4.6144e-19
0.4464,4.0600e-19
0.4466,3.5663e-19
0.4468,3.4361e-19
0.4471,3.3623e-19
0.4473,3.5148e-19
0.4475,3.7781e-19
0.4477,3.9450e-19
0.4480,4.2600e-19
0.4482,4.5969e-19
0.4484,4.5313e-19
0.4486,4.1832e-19
0.4488,4.2592e-19
0.4491,4.4785e-19
0.4493,4.5105e-19
0.4495,4.5400e-19
0.4497,4.7751e-19
0.4500,5.1273e-19
0.4502,5.3709e-19
0.4504,4.9550e-19
0.4506,4.4488e-19
0.4509,4.1171e-19
0.4511,4.0239e-19
0.4513,3.9760e-19
0.4515,3.9890e-19
0.4518,4.0351e-19
0.4520,4.3001e-19
0.4522,4.6167e-19
0.4525,4.8563e-19
0.4527,5.0942e-19
0.4529,5.0586e-19
0.4531,5.1495e-19
0.4534,5.3907e-19
0.4536,5.8170e-19
0.4538,6.3249e-19
0.4540,6.4226e-19
0.4543,6.0628e-19
0.4545,5.6034e-19
0.4547,5.1795e-19
0.4549,4.9982e-19
0.4552,5.1114e-19
0.4554,5.2023e-19
0.4556,5.0562e-19
0.4559,5.0504e-19
0.4561,5.0245e-19
0.4563,4.9050e-19
0.4565,5.0992e-19
0.4568,5.7028e-19
0.4570,6.2587e-19
0.4572,6.4748e-19
0.4575,6.7586e-19
0.4577,7.1498e-19
0.4579,7.6102e-19
0.4581,7.3992e-19
0.4584,6.3629e-19
0.4586,5.0415e-19
0.4588,4.3378e-19
0.4591,4.2279e-19
0.4593,4.4473e-19
0.4595,4.5926e-19
0.4597,4.6144e-19
0.4600,4.8068e-19
0.4602,5.0042e-19
0.4604,5.0196e-19
0.4607,4.9943e-19
0.4609,5.5757e-19
0.4611,6.3285e-19
0.4614,6.3335e-19
0.4616,5.9814e-19
0.4618,5.9883e-19
0.4621,6.2765e-19
0.4623,6.2322e-19
0.4625,5.7931e-19
0.4627,5.0707e-19
0.4630,4.5383e-19
0.4632,4.3437e-19
0.4634,4.1835e-19
0.4637,4.1349e-19
0.4639,4.2489e-19
0.4641,4.4340e-19
0.4644,4.7935e-19
0.4646,5.0868e-19
0.4648,5.4611e-19
0.4651,5.8355e-19
0.4653,5.7064e-19
0.4655,5.9292e-19
0.4658,6.4126e-19
0.4660,6.4622e-19
0.4662,6.4627e-19
0.4665,6.5605e-19
0.4667,6.4499e-19
0.4669,5.7637e-19
0.4672,5.0623e-19
0.4674,5.0345e-19
0.4676,5.1881e-19
0.4679,4.7553e-19
0.4681,4.5000e-19
0.4683,4.7774e-19
0.4686,5.2273e-19
0.4688,5.6760e-19
0.4690,6.1951e-19
0.4693,6.5653e-19
0.4695,6.7550e-19
0.4697,6.7144e-19
0.4700,6.6425e-19
0.4702,7.1270e-19
0.4704,7.5881e-19
0.4707,7.9035e-19
0.4709,8.3912e-19
0.4711,8.2133e-19
0.4714,7.5228e-19
0.4716,7.0445e-19
0.4719,6.7294e-19
0.4721,6.5209e-19
0.4723,5.9329e-19
0.4726,5.6896e-19
0.4728,5.9975e-19
0.4730,6.4620e-19
0.4733,6.9739e-19
0.4735,7.4807e-19
0.4737,7.6925e-19
0.4740,7.4589e-19
0.4742,7.6872e-19
0.4745,7.8432e-19
0.4747,7.7763e-19
0.4749,7.9212e-19
0.4752,8.6010e-19
0.4754,9.7526e-19
0.4756,1.0291e-18
0.4759,8.9882e-19
0.4761,6.7264e-19
0.4764,5.2716e-19
0.4766,5.0068e-19
0.4768,5.0706e-19
0.4771,5.0632e-19
0.4773,5.1196e-19
0.4775,5.2953e-19
0.4778,5.5606e-19
0.4780,5.4837e-19
0.4783,5.6398e-19
0.4785,5.7347e-19
0.4787,5.2864e-19
0.4790,5.3162e-19
0.4792,5.8501e-19
0.4795,6.2833e-19
0.4797,6.7733e-19
0.4799,7.2728e-19
0.4802,7.1244e-19
0.4804,6.4424e-19
0.4807,6.0186e-19
0.4809,5.9279e-19
0.4811,5.9439e-19
0.4814,5.6936e-19
0.4816,5.3204e-19
0.4819,5.2382e-19
0.4821,5.3425e-19
0.4823,5.4641e-19
0.4826,5.9325e-19
0.4828,6.5545e-19
0.4831,7.0046e-19
0.4833,7.2348e-19
0.4836,7.5355e-19
0.4838,8.2844e-19
0.4840,9.1365e-19
0.4843,9.4690e-19
0.4845,9.4222e-19
0.4848,9.3221e-19
0.4850,8.5069e-19
0.4852,8.0696e-19
0.4855,8.2279e-19
0.4857,7.9966e-19
0.4860,7.0461e-19
0.4862,6.4156e-19
0.4865,6.9359e-19
0.4867,7.7201e-19
0.4869,8.0450e-19
0.4872,8.4421e-19
0.4874,9.0163e-19
0.4877,9.5050e-19
0.4879,1.0636e-18
0.4882,1.1031e-18
0.4884,1.0586e-18
0.4887,1.1303e-18
0.4889,1.1709e-18
0.4891,1.1630e-18
0.4894,1.1261e-18
0.4896,1.1124e-18
0.4899,1.1342e-18
0.4901,1.1593e-18
0.4904,1.1217e-18
0.4906,9.9977e-19
0.4909,9.8476e-19
0.4911,1.0974e-18
0.4914,1.1356e-18
0.4916,1.1396e-18
0.4918,1.2010e-18
0.4921,1.2184e-18
0.4923,1.2708e-18
0.4926,1.4530e-18
0.4928,1.6189e-18
0.4931,1.7451e-18
0.4933,1.8046e-18
0.4936,1.8085e-18
0.4938,1.8299e-18
0.4941,1.7275e-18
0.4943,1.7110e-18
0.4946,1.8190e-18
0.4948,1.8991e-18
0.4950,1.8423e-18
0.4953,1.6050e-18
0.4955,1.1655e-18
0.4958,7.9435e-19
0.4960,7.4939e-19
0.4963,7.8141e-19
0.4965,7.7490e-19
0.4968,8.4608e-19
0.4970,9.5161e-19
0.4973,9.6866e-19
0.4975,9.6221e-19
0.4978,9.8197e-19
0.4980,9.7473e-19
0.4983,1.0090e-18
0.4985,1.0965e-18
0.4988,1.1495e-18
0.4990,1.1832e-18
0.4993,1.2508e-18
0.4995,1.3115e-18
0.4998,1.3136e-18
0.5000,1.1754e-18
0.5003,1.0409e-18
0.5005,1.0299e-18
0.5008,1.0346e-18
0.5010,9.5139e-19
0.5013,8.0585e-19
0.5015,7.3800e-19
0.5018,7.6823e-19
0.5020,8.3613e-19
0.5023,9.1483e-19
0.5025,9.8516e-19
0.5028,9.8548e-19
0.5030,9.7296e-19
0.5033,9.9935e-19
0.5035,1.0450e-18
0.5038,1.0882e-18
0.5040,1.1633e-18
0.5043,1.2084e-18
0.5045,1.1616e-18
0.5048,1.0906e-18
0.5050,1.0156e-18
0.5053,1.0338e-18
0.5056,1.0400e-18
0.5058,9.2562e-19
0.5061,8.1325e-19
0.5063,8.1498e-19
0.5066,8.4959e-19
0.5068,8.1336e-19
0.5071,8.2326e-19
0.5073,8.7188e-19
0.5076,9.1444e-19
0.5078,9.7110e-19
0.5081,9.7114e-19
0.5083,8.7394e-19
0.5086,8.2486e-19
0.5088,8.2510e-19
0.5091,8.0452e-19
0.5094,7.9923e-19
0.5096,7.6154e-19
0.5099,7.1334e-19
0.5101,6.8657e-19
0.5104,6.6798e-19
0.5106,5.9878e-19
0.5109,5.6964e-19
0.5111,5.9078e-19
0.5114,5.8467e-19
0.5117,5.6092e-19
0.5119,5.3980e-19
0.5122,5.3087e-19
0.5124,5.1194e-19
0.5127,4.7600e-19
0.5129,4.3137e-19
0.5132,4.3040e-19
0.5134,4.5575e-19
0.5137,4.4807e-19
0.5140,4.2619e-19
0.5142,3.9965e-19
0.5145,3.8059e-19
0.5147,3.6310e-19
0.5150,3.4763e-19
0.5152,3.3028e-19
0.5155,3.0796e-19
0.5158,3.0771e-19
0.5160,3.2481e-19
0.5163,3.3407e-19
0.5165,3.1863e-19
0.5168,2.8487e-19
0.5171,2.5524e-19
0.5173,2.4427e-19
0.5176,2.4233e-19
0.5178,2.3693e-19
0.5181,2.3115e-19
0.5183,2.3398e-19
0.5186,2.5047e-19
0.5189,2.7068e-19
0.5191,2.8124e-19
0.5194,2.8289e-19
0.5196,2.8340e-19
0.5199,2.7932e-19
0.5202,2.7431e-19
0.5204,2.7155e-19
0.5207,2.6635e-19
0.5209,2.5801e-19
0.5212,2.6864e-19
0.5215,2.9794e-19
0.5217,3.0984e-19
0.5220,3.1585e-19
0.5222,3.2246e-19
0.5225,3.1955e-19
0.5228,2.9845e-19
0.5230,2.6146e-19
0.5233,2.4487e-19
0.5236,2.4624e-19
0.5238,2.5516e-19
0.5241,2.6128e-19
0.5243,2.6579e-19
0.5246,2.6756e-19
0.5249,2.6850e-19
0.5251,2.6651e-19
0.5254,2.6526e-19
0.5257,2.6640e-19
0.5259,2.6116e-19
0.5262,2.5199e-19
0.5264,2.4906e-19
0.5267,2.5068e-19
0.5270,2.5204e-19
0.5272,2.5133e-19
0.5275,2.4353e-19
0.5278,2.3245e-19
0.5280,2.3069e-19
0.5283,2.3450e-19
0.5286,2.3864e-19
0.5288,2.4189e-19
0.5291,2.4487e-19
0.5293,2.4501e-19
0.5296,2.4697e-19
0.5299,2.5056e-19
0.5301,2.4861e-19
0.5304,2.4635e-19
0.5307,2.4464e-19
0.5309,2.4543e-19
0.5312,2.4712e-19
0.5315,2.4681e-19
0.5317,2.4611e-19
0.5320,2.4448e-19
0.5323,2.4207e-19
0.5325,2.3902e-19
0.5328,2.3319e-19
0.5331,2.3020e-19
0.5333,2.3132e-19
0.5336,2.2877e-19
0.5339,2.2237e-19
0.5341,2.1773e-19
0.5344,2.1759e-19
0.5347,2.1915e-19
0.5349,2.1607e-19
0.5352,2.1148e-19
0.5355,2.0804e-19
0.5357,2.0733e-19
0.5360,2.0615e-19
0.5363,2.0425e-19
0.5365,2.0385e-19
0.5368,2.0396e-19
0.5371,2.0306e-19
0.5373,2.0209e-19
0.5376,2.0349e-19
0.5379,2.0512e-19
0.5381,2.0509e-19
0.5384,2.0410e-19
0.5387,2.0119e-19
0.5390,1.9770e-19
0.5392,1.9343e-19
0.5395,1.8969e-19
0.5398,1.8717e-19
0.5400,1.8491e-19
0.5403,1.8293e-19
0.5406,1.8117e-19
0.5408,1.7887e-19
0.5411,1.7569e-19
0.5414,1.7320e-19
0.5417,1.7107e-19
0.5419,1.6908e-19
0.5422,1.6772e-19
0.5425,1.6658e-19
0.5427,1.6489e-19
0.5430,1.6262e-19
0.5433,1.6107e-19
0.5436,1.6011e-19
0.5438,1.5824e-19
0.5441,1.5651e-19
0.5444,1.5578e-19
0.5446,1.5359e-19
0.5449,1.4876e-19
0.5452,1.4427e-19
0.5455,1.4244e-19
0.5457,1.4159e-19
0.5460,1.4089e-19
0.5463,1.4000e-19
0.5466,1.3841e-19
0.5468,1.3322e-19
0.5471,1.2440e-19
0.5474,1.2028e-19
0.5476,1.1964e-19
0.5479,1.1966e-19
0.5482,1.1919e-19
0.5485,1.1766e-19
0.5487,1.1637e-19
0.5490,1.1614e-19
0.5493,1.1655e-19
0.5496,1.1595e-19
0.5498,1.1313e-19
0.5501,1.1094e-19
0.5504,1.1038e-19
0.5507,1.0979e-19
0.5509,1.0871e-19
0.5512,1.0696e-19
0.5515,1.0571e-19
0.5518,1.0435e-19
0.5520,1.0343e-19
0.5523,1.0250e-19
0.5526,1.0124e-19
0.5529,1.0071e-19
0.5532,1.0044e-19
0.5534,9.9508e-20
0.5537,9.7815e-20
0.5540,9.5867e-20
0.5543,9.4613e-20
0.5545,9.4144e-20
0.5548,9.3198e-20
0.5551,9.1759e-20
0.5554,9.0422e-20
0.5556,8.8840e-20
0.5559,8.7672e-20
0.5562,8.6425e-20
0.5565,8.4953e-20
0.5568,8.3979e-20
0.5570,8.2793e-20
0.5573,8.1329e-20
0.5576,8.0171e-20
0.5579,7.9129e-20
0.5581,7.8130e-20
0.5584,7.7132e-20
0.5587,7.6058e-20
0.5590,7.4961e-20
0.5593,7.3788e-20
0.5595,7.2343e-20
0.5598,7.0627e-20
0.5601,6.8972e-20
0.5604,6.7466e-20
0.5607,6.5960e-20
0.5609,6.4492e-20
0.5612,6.3058e-20
0.5615,6.1653e-20
0.5618,6.0253e-20
0.5621,5.8864e-20
0.5624,5.7640e-20
0.5626,5.6550e-20
0.5629,5.5463e-20
0.5632,5.4380e-20
0.5635,5.3364e-20
0.5638,5.2378e-20
0.5640,5.1380e-20
0.5643,5.0413e-20
0.5646,4.9493e-20
0.5649,4.8600e-20
0.5652,4.7744e-20
0.5655,4.6911e-20
0.5657,4.6108e-20
0.5660,4.5346e-20
0.5663,4.4607e-20
0.5666,4.3882e-20
0.5669,4.3163e-20
0.5671,4.2461e-20
0.5674,4.1795e-20
0.5677,4.1153e-20
0.5680,4.0491e-20
0.5683,3.9765e-20
0.5686,3.9100e-20
0.5689,3.8348e-20
0.5691,3.7409e-20
0.5694,3.6239e-20
0.5697,3.4859e-20
0.5700,3.3492e-20
0.5703,3.2203e-20
0.5706,3.0989e-20
0.5708,2.9842e-20
0.5711,2.8760e-20
0.5714,2.7737e-20
0.5717,2.6769e-20
0.5720,2.5832e-20
0.5723,2.4828e-20
0.5726,2.3662e-20
0.5728,2.2441e-20
0.5731,2.1286e-20
0.5734,2.0208e-20
0.5737,1.9177e-20
0.5740,1.8212e-20
0.5743,1.7375e-20
0.5746,1.6611e-20
0.5749,1.5884e-20
0.5751,1.5202e-20
0.5754,1.4558e-20
0.5757,1.3931e-20
0.5760,1.3324e-20
0.5763,1.2748e-20
0.5766,1.2208e-20
0.5769,1.1703e-20
0.5772,1.1232e-20
0.5774,1.0791e-20
0.5777,1.0377e-20
0.5780,9.9870e-21
0.5783,9.6172e-21
0.5786,9.2428e-21
0.5789,8.7227e-21
0.5792,7.9256e-21
0.5795,7.0413e-21
0.5798,6.2666e-21
0.5801,5.6227e-21
0.5803,5.0846e-21
0.5806,4.6322e-21
0.5809,4.2485e-21
0.5812,3.9205e-21
0.5815,3.6383e-21
0.5818,3.3927e-21
0.5821,3.1619e-21
0.5824,2.8958e-21
0.5827,2.5924e-21
0.5830,2.3172e-21
0.5833,2.0947e-21
0.5835,1.9157e-21
0.5838,1.7690e-21
0.5841,1.6467e-21
0.5844,1.5435e-21
0.5847,1.4554e-21
0.5850,1.3794e-21
0.5853,1.3116e-21
0.5856,1.2388e-21
0.5859,1.1402e-21
0.5862,1.0253e-21
0.5865,9.0774e-22
0.5868,7.7640e-22
0.5871,6.2035e-22
0.5873,4.5585e-22
0.5876,3.2180e-22
0.5879,2.1607e-22
0.5882,1.2957e-22
0.5885,6.5304e-23
0.5888,2.5427e-23
0.5891,9.1123e-24
0.5894,7.5356e-24
0.5897,1.1933e-23
0.5900,3.3162e-23
0.5903,8.4484e-23
0.5906,1.6652e-22
0.5909,2.7707e-22
0.5912,4.1205e-22
0.5915,5.7042e-22
0.5918,7.5788e-22
0.5921,9.6583e-22
0.5924,1.2168e-21
0.5927,1.4540e-21
0.5930,1.6683e-21
0.5932,1.9450e-21
0.5935,2.1656e-21
0.5938,2.3370e-21
0.5941,2.6668e-21
0.5944,2.9764e-21
0.5947,3.1721e-21
0.5950,3.3252e-21
0.5953,3.7799e-21
0.5956,4.2735e-21
0.5959,4.4781e-21
0.5962,4.7823e-21
0.5965,5.3456e-21
0.5968,6.0830e-21
0.5971,7.0638e-21
0.5974,7.9490e-21
0.5977,8.1939e-21
0.5980,9.0975e-21
0.5983,1.1278e-20
0.5986,1.2900e-20
0.5989,1.4032e-20
0.5992,1.6044e-20
0.5995,1.7933e-20
0.5998,1.8998e-20
0.6001,2.0597e-20
0.6004,2.2490e-20
0.6007,2.6403e-20
0.6010,2.9164e-20
0.6013,2.7316e-20
0.6016,2.6981e-20
0.6019,2.9819e-20
0.6022,3.3695e-20
0.6025,3.6817e-20
0.6028,3.7931e-20
0.6031,3.9734e-20
0.6034,4.4711e-20
0.6037,5.0393e-20
0.6040,5.1767e-20
0.6043,5.0454e-20
0.6046,5.2718e-20
0.6049,5.7969e-20
0.6052,6.4086e-20
0.6055,7.1674e-20
0.6058,7.6250e-20
0.6061,7.5535e-20
0.6064,7.3845e-20
0.6067,7.8591e-20
0.6070,8.8869e-20
0.6074,9.4785e-20
0.6077,9.5567e-20
0.6080,9.8773e-20
0.6083,1.0276e-19
0.6086,1.0541e-19
0.6089,1.1169e-19
0.6092,1.2361e-19
0.6095,1.3793e-19
0.6098,1.4721e-19
0.6101,1.4591e-19
0.6104,1.4038e-19
0.6107,1.4397e-19
0.6110,1.6074e-19
0.6113,1.8004e-19
0.6116,1.8937e-19
0.6119,1.9220e-19
0.6122,1.9601e-19
0.6125,1.9663e-19
0.6128,1.9334e-19
0.6131,1.9624e-19
0.6135,2.1051e-19
0.6138,2.2835e-19
0.6141,2.3830e-19
0.6144,2.3933e-19
0.6147,2.4087e-19
0.6150,2.4466e-19
0.6153,2.4822e-19
0.6156,2.5336e-19
0.6159,2.6122e-19
0.6162,2.7494e-19
0.6165,2.9620e-19
0.6168,3.2258e-19
0.6171,3.4592e-19
0.6175,3.5620e-19
0.6178,3.5610e-19
0.6181,3.5322e-19
0.6184,3.4985e-19
0.6187,3.5263e-19
0.6190,3.7045e-19
0.6193,4.0208e-19
0.6196,4.3413e-19
0.6199,4.5133e-19
0.6202,4.4817e-19
0.6205,4.3392e-19
0.6209,4.2400e-19
0.6212,4.2826e-19
0.6215,4.4401e-19
0.6218,4.6368e-19
0.6221,4.8294e-19
0.6224,5.0382e-19
0.6227,5.3188e-19
0.6230,5.5560e-19
0.6233,5.6381e-19
0.6237,5.6181e-19
0.6240,5.5906e-19
0.6243,5.6510e-19
0.6246,5.8136e-19
0.6249,5.9996e-19
0.6252,6.1465e-19
0.6255,6.2868e-19
0.6258,6.4683e-19
0.6262,6.7358e-19
0.6265,7.0917e-19
0.6268,7.4794e-19
0.6271,7.7991e-19
0.6274,7.9747e-19
0.6277,7.9874e-19
0.6280,7.9397e-19
0.6284,7.9643e-19
0.6287,8.0944e-19
0.6290,8.2932e-19
0.6293,8.5157e-19
0.6296,8.7745e-19
0.6299,9.1455e-19
0.6302,9.5766e-19
0.6306,9.9345e-19
0.6309,1.0159e-18
0.6312,1.0233e-18
0.6315,1.0159e-18
0.6318,9.9898e-19
0.6321,9.8592e-19
0.6324,9.9093e-19
0.6328,1.0166e-18
0.6331,1.0626e-18
0.6334,1.1239e-18
0.6337,1.1864e-18
0.6340,1.2460e-18
0.6343,1.2921e-18
0.6347,1.3239e-18
0.6350,1.3477e-18
0.6353,1.3612e-18
0.6356,1.3671e-18
0.6359,1.3716e-18
0.6363,1.3848e-18
0.6366,1.4093e-18
0.6369,1.4397e-18
0.6372,1.4640e-18
0.6375,1.4879e-18
0.6378,1.5117e-18
0.6382,1.5271e-18
0.6385,1.5325e-18
0.6388,1.5393e-18
0.6391,1.5721e-18
0.6394,1.6206e-18
0.6398,1.6719e-18
0.6401,1.7303e-18
0.6404,1.7874e-18
0.6407,1.8269e-18
0.6410,1.8541e-18
0.6414,1.8785e-18
0.6417,1.8887e-18
0.6420,1.8884e-18
0.6423,1.8890e-18
0.6426,1.9192e-18
0.6430,1.9851e-18
0.6433,2.0522e-18
0.6436,2.1205e-18
0.6439,2.1881e-18
0.6443,2.2445e-18
0.6446,2.2973e-18
0.6449,2.3451e-18
0.6452,2.3737e-18
0.6455,2.3868e-18
0.6459,2.4022e-18
0.6462,2.4046e-18
0.6465,2.3986e-18
0.6468,2.4208e-18
0.6472,2.4602e-18
0.6475,2.4749e-18
0.6478,2.4568e-18
0.6481,2.4459e-18
0.6485,2.5125e-18
0.6488,2.5883e-18
0.6491,2.6608e-18
0.6494,2.7449e-18
0.6498,2.8406e-18
0.6501,2.9160e-18
0.6504,2.9901e-18
0.6507,3.0755e-18
0.6511,3.1231e-18
0.6514,3.1077e-18
0.6517,3.0976e-18
0.6520,3.1343e-18
0.6524,3.1838e-18
0.6527,3.2373e-18
0.6530,3.2630e-18
0.6533,3.2622e-18
0.6537,3.2676e-18
0.6540,3.2926e-18
0.6543,3.3189e-18
0.6546,3.3501e-18
0.6550,3.3582e-18
0.6553,3.3621e-18
0.6556,3.3919e-18
0.6560,3.4353e-18
0.6563,3.4729e-18
0.6566,3.5222e-18
0.6569,3.6004e-18
0.6573,3.6974e-18
0.6576,3.8039e-18
0.6579,3.8843e-18
0.6583,3.9358e-18
0.6586,4.0342e-18
0.6589,4.1468e-18
0.6592,4.1949e-18
0.6596,4.2194e-18
0.6599,4.2405e-18
0.6602,4.2822e-18
0.6606,4.3442e-18
0.6609,4.3793e-18
0.6612,4.3936e-18
0.6615,4.4385e-18
0.6619,4.4735e-18
0.6622,4.5095e-18
0.6625,4.5522e-18
0.6629,4.6199e-18
0.6632,4.7217e-18
0.6635,4.7661e-18
0.6639,4.7730e-18
0.6642,4.8037e-18
0.6645,4.8424e-18
0.6649,4.8636e-18
0.6652,4.8141e-18
0.6655,4.7579e-18
0.6659,4.8021e-18
0.6662,4.8913e-18
0.6665,4.9472e-18
0.6669,5.0299e-18
0.6672,5.1512e-18
0.6675,5.2505e-18
0.6679,5.3332e-18
0.6682,5.3421e-18
0.6685,5.3635e-18
0.6689,5.4902e-18
0.6692,5.6146e-18
0.6695,5.7142e-18
0.6699,5.8438e-18
0.6702,6.0101e-18
0.6705,6.1176e-18
0.6709,6.1995e-18
0.6712,6.2851e-18
0.6715,6.2899e-18
0.6719,6.2188e-18
0.6722,6.2517e-18
0.6726,6.3934e-18
0.6729,6.5080e-18
0.6732,6.5719e-18
0.6736,6.7102e-18
0.6739,6.7894e-18
0.6742,6.8485e-18
0.6746,6.9293e-18
0.6749,6.8281e-18
0.6752,6.7366e-18
0.6756,6.8040e-18
0.6759,6.9610e-18
0.6763,7.0760e-18
0.6766,7.1485e-18
0.6769,7.2410e-18
0.6773,7.3538e-18
0.6776,7.4233e-18
0.6780,7.4244e-18
0.6783,7.3478e-18
0.6786,7.2714e-18
0.6790,7.3838e-18
0.6793,7.5687e-18
0.6797,7.6966e-18
0.6800,7.8348e-18
0.6803,8.0220e-18
0.6807,8.2474e-18
0.6810,8.5000e-18
0.6814,8.6888e-18
0.6817,8.7602e-18
0.6820,8.8007e-18
0.6824,8.8490e-18
0.6827,8.9600e-18
0.6831,9.1842e-18
0.6834,9.3453e-18
0.6837,9.4223e-18
0.6841,9.5001e-18
0.6844,9.5692e-18
0.6848,9.5591e-18
0.6851,9.3718e-18
0.6855,9.1613e-18
0.6858,9.1513e-18
0.6861,9.2285e-18
0.6865,9.2827e-18
0.6868,9.3417e-18
0.6872,9.3738e-18
0.6875,9.3967e-18
0.6879,9.4441e-18
0.6882,9.3908e-18
0.6885,9.1817e-18
0.6889,9.1002e-18
0.6892,9.0848e-18
0.6896,9.0422e-18
0.6899,9.1120e-18
0.6903,9.1587e-18
0.6906,9.2083e-18
0.6910,9.2152e-18
0.6913,9.1058e-18
0.6916,9.1043e-18
0.6920,8.9312e-18
0.6923,8.7493e-18
0.6927,8.8627e-18
0.6930,8.9392e-18
0.6934,9.0261e-18
0.6937,8.9901e-18
0.6941,8.7938e-18
0.6944,8.9062e-18
0.6948,9.1069e-18
0.6951,9.1959e-18
0.6955,9.1077e-18
0.6958,9.1865e-18
0.6962,9.2647e-18
0.6965,9.3701e-18
0.6969,9.4979e-18
0.6972,9.5062e-18
0.6975,9.4316e-18
0.6979,9.2637e-18
0.6982,9.1874e-18
0.6986,9.3678e-18
0.6989,9.4462e-18
0.6993,9.4204e-18
0.6996,9.4264e-18
0.7000,9.4451e-18
0.7003,9.4727e-18
0.7007,9.5205e-18
0.7010,9.5565e-18
0.7014,9.5098e-18
0.7017,9.5903e-18
0.7021,9.7215e-18
0.7024,9.8027e-18
0.7028,9.8624e-18
0.7031,9.9792e-18
0.7035,1.0171e-17
0.7039,1.0246e-17
0.7042,1.0191e-17
0.7046,1.0282e-17
0.7049,1.0398e-17
0.7053,1.0190e-17
0.7056,9.7139e-18
0.7060,9.5326e-18
0.7063,9.6260e-18
0.7067,9.8237e-18
0.7070,1.0014e-17
0.7074,1.0138e-17
0.7077,1.0212e-17
0.7081,1.0274e-17
0.7084,1.0452e-17
0.7088,1.0393e-17
0.7092,1.0071e-17
0.7095,1.0002e-17
0.7099,1.0056e-17
0.7102,1.0081e-17
0.7106,1.0312e-17
0.7109,1.0526e-17
0.7113,1.0725e-17
0.7116,1.0933e-17
0.7120,1.0988e-17
0.7123,1.0836e-17
0.7127,1.0513e-17
0.7131,1.0365e-17
0.7134,1.0328e-17
0.7138,1.0431e-17
0.7141,1.0683e-17
0.7145,1.0900e-17
0.7148,1.0940e-17
0.7152,1.0971e-17
0.7156,1.1049e-17
0.7159,1.0926e-17
0.7163,1.0636e-17
0.7166,1.0377e-17
0.7170,1.0470e-17
0.7174,1.0657e-17
0.7177,1.0868e-17
0.7181,1.1148e-17
0.7184,1.1284e-17
0.7188,1.1275e-17
0.7191,1.1423e-17
0.7195,1.1453e-17
0.7199,1.1381e-17
0.7202,1.1350e-17
0.7206,1.1442e-17
0.7209,1.1547e-17
0.7213,1.1678e-17
0.7217,1.1832e-17
0.7220,1.1908e-17
0.7224,1.2082e-17
0.7227,1.2218e-17
0.7231,1.2265e-17
0.7235,1.2266e-17
0.7238,1.2264e-17
0.7242,1.2314e-17
0.7246,1.2486e-17
0.7249,1.2623e-17
0.7253,1.2652e-17
0.7256,1.2784e-17
0.7260,1.2967e-17
0.7264,1.2905e-17
0.7267,1.2745e-17
0.7271,1.2782e-17
0.7275,1.2852e-17
0.7278,1.2767e-17
0.7282,1.2819e-17
0.7286,1.3003e-17
0.7289,1.2986e-17
0.7293,1.2899e-17
0.7296,1.2857e-17
0.7300,1.2873e-17
0.7304,1.2785e-17
0.7307,1.2790e-17
0.7311,1.2947e-17
0.7315,1.2939e-17
0.7318,1.2892e-17
0.7322,1.2938e-17
0.7326,1.2963e-17
0.7329,1.2805e-17
0.7333,1.2553e-17
0.7337,1.2430e-17
0.7340,1.2546e-17
0.7344,1.2351e-17
0.7348,1.1786e-17
0.7351,1.1563e-17
0.7355,1.1598e-17
0.7359,1.1549e-17
0.7362,1.1526e-17
0.7366,1.1609e-17
0.7370,1.1687e-17
0.7373,1.1472e-17
0.7377,1.1169e-17
0.7381,1.1257e-17
0.7385,1.1160e-17
0.7388,1.1070e-17
0.7392,1.1043e-17
0.7396,1.0803e-17
0.7399,1.0691e-17
0.7403,1.0609e-17
0.7407,1.0275e-17
0.7410,1.0067e-17
0.7414,1.0020e-17
0.7418,9.6733e-18
0.7422,9.5627e-18
0.7425,9.7552e-18
0.7429,9.9708e-18
0.7433,1.0037e-17
0.7436,9.8566e-18
0.7440,9.7631e-18
0.7444,9.7717e-18
0.7448,9.7066e-18
0.7451,9.5669e-18
0.7455,9.1695e-18
0.7459,8.7299e-18
0.7462,8.6443e-18
0.7466,8.7219e-18
0.7470,8.8722e-18
0.7474,9.1847e-18
0.7477,9.4372e-18
0.7481,9.4996e-18
0.7485,9.4525e-18
0.7489,9.2402e-18
0.7492,8.7924e-18
0.7496,8.2536e-18
0.7500,7.7591e-18
0.7504,7.5488e-18
0.7507,7.6448e-18
0.7511,7.9179e-18
0.7515,8.2435e-18
0.7519,8.4231e-18
0.7522,8.4110e-18
0.7526,8.2095e-18
0.7530,7.7664e-18
0.7534,7.1674e-18
0.7537,6.7932e-18
0.7541,6.8695e-18
0.7545,7.2862e-18
0.7549,7.8213e-18
0.7553,8.0594e-18
0.7556,7.7528e-18
0.7560,7.1225e-18
0.7564,6.3599e-18
0.7568,5.8153e-18
0.7571,6.0204e-18
0.7575,6.8063e-18
0.7579,7.0371e-18
0.7583,6.4824e-18
0.7587,5.8789e-18
0.7590,5.3454e-18
0.7594,5.1699e-18
0.7598,5.7590e-18
0.7602,5.9132e-18
0.7606,5.1409e-18
0.7609,4.8001e-18
0.7613,4.7295e-18
0.7617,4.5792e-18
0.7621,4.4969e-18
0.7625,4.3196e-18
0.7628,3.9168e-18
0.7632,3.3366e-18
0.7636,2.8641e-18
0.7640,2.2070e-18
0.7644,1.4275e-18
0.7647,7.5895e-19
0.7651,3.0466e-19
0.7655,9.8170e-20
0.7659,3.3348e-20
0.7663,1.3296e-20
0.7667,5.4550e-21
0.7670,3.6321e-21
0.7674,4.7410e-21
0.7678,9.4488e-21
0.7682,2.1142e-20
0.7686,3.7201e-20
0.7690,4.4020e-20
0.7694,3.4707e-20
0.7697,1.9482e-20
0.7701,9.0958e-21
0.7705,6.5704e-21
0.7709,8.8821e-21
0.7713,1.8749e-20
0.7717,4.6097e-20
0.7720,1.0581e-19
0.7724,2.2038e-19
0.7728,4.2015e-19
0.7732,7.2612e-19
0.7736,1.1311e-18
0.7740,1.6069e-18
0.7744,2.1214e-18
0.7748,2.6453e-18
0.7751,3.1665e-18
0.7755,3.7020e-18
0.7759,4.2623e-18
0.7763,4.8029e-18
0.7767,5.2676e-18
0.7771,5.7288e-18
0.7775,6.2300e-18
0.7779,6.6699e-18
0.7782,7.0186e-18
0.7786,7.4345e-18
0.7790,7.9573e-18
0.7794,8.3665e-18
0.7798,8.5897e-18
0.7802,8.7208e-18
0.7806,8.9103e-18
0.7810,9.3024e-18
0.7814,9.8359e-18
0.7818,1.0276e-17
0.7821,1.0444e-17
0.7825,1.0489e-17
0.7829,1.0684e-17
0.7833,1.1083e-17
0.7837,1.1507e-17
0.7841,1.1777e-17
0.7845,1.2122e-17
0.7849,1.2526e-17
0.7853,1.2661e-17
0.7857,1.2851e-17
0.7861,1.3111e-17
0.7865,1.3192e-17
0.7869,1.3223e-17
0.7872,1.3541e-17
0.7876,1.3880e-17
0.7880,1.4232e-17
0.7884,1.4624e-17
0.7888,1.4944e-17
0.7892,1.5214e-17
0.7896,1.5264e-17
0.7900,1.5284e-17
0.7904,1.5903e-17
0.7908,1.6393e-17
0.7912,1.6166e-17
0.7916,1.6294e-17
0.7920,1.6774e-17
0.7924,1.7123e-17
0.7928,1.7357e-17
0.7932,1.7634e-17
0.7936,1.7975e-17
0.7940,1.8328e-17
0.7944,1.8430e-17
0.7948,1.8962e-17
0.7952,1.9556e-17
0.7956,1.9746e-17
0.7960,1.9614e-17
0.7963,1.9685e-17
0.7967,2.0350e-17
0.7971,2.1003e-17
0.7975,2.0859e-17
0.7979,2.0180e-17
0.7983,2.0141e-17
0.7987,2.0301e-17
0.7991,2.0622e-17
0.7995,2.1527e-17
0.7999,2.2132e-17
0.8003,2.2846e-17
0.8007,2.3857e-17
0.8011,2.4511e-17
0.8015,2.4789e-17
0.8019,2.5151e-17
0.8023,2.5335e-17
0.8027,2.5435e-17
0.8031,2.5726e-17
0.8035,2.6268e-17
0.8039,2.6761e-17
0.8044,2.6897e-17
0.8048,2.7013e-17
0.8052,2.7514e-17
0.8056,2.8187e-17
0.8060,2.8897e-17
0.8064,2.9521e-17
0.8068,3.0219e-17
0.8072,3.1045e-17
0.8076,3.1919e-17
0.8080,3.2377e-17
0.8084,3.2550e-17
0.8088,3.2840e-17
0.8092,3.3175e-17
0.8096,3.3707e-17
0.8100,3.4188e-17
0.8104,3.4364e-17
0.8108,3.4364e-17
0.8112,3.4418e-17
0.8116,3.5304e-17
0.8120,3.6703e-17
0.8124,3.7827e-17
0.8128,3.9016e-17
0.8132,3.9478e-17
0.8137,4.0030e-17
0.8141,4.0928e-17
0.8145,4.1647e-17
0.8149,4.2522e-17
0.8153,4.3145e-17
0.8157,4.3263e-17
0.8161,4.3152e-17
0.8165,4.3625e-17
0.8169,4.4970e-17
0.8173,4.5744e-17
0.8177,4.4911e-17
0.8181,4.0768e-17
0.8185,3.6957e-17
0.8190,3.9044e-17
0.8194,3.7412e-17
0.8198,3.5012e-17
0.8202,4.0352e-17
0.8206,4.4971e-17
0.8210,4.6478e-17
0.8214,4.7647e-17
0.8218,4.8622e-17
0.8222,4.8982e-17
0.8226,4.8390e-17
0.8231,4.7843e-17
0.8235,4.9031e-17
0.8239,5.0739e-17
0.8243,5.1909e-17
0.8247,5.3181e-17
0.8251,5.4041e-17
0.8255,5.4088e-17
0.8259,5.4434e-17
0.8264,5.4782e-17
0.8268,5.5279e-17
0.8272,5.4821e-17
0.8276,5.4002e-17
0.8280,5.4325e-17
0.8284,5.5082e-17
0.8288,5.5244e-17
0.8293,5.4894e-17
0.8297,5.5027e-17
0.8301,5.5612e-17
0.8305,5.6344e-17
0.8309,5.7485e-17
0.8313,5.8468e-17
0.8317,5.8887e-17
0.8322,5.9387e-17
0.8326,6.0624e-17
0.8330,6.2083e-17
0.8334,6.2010e-17
0.8338,6.1569e-17
0.8342,6.2207e-17
0.8347,6.2865e-17
0.8351,6.2889e-17
0.8355,6.2412e-17
0.8359,6.2774e-17
0.8363,6.3838e-17
0.8368,6.4693e-17
0.8372,6.4806e-17
0.8376,6.4585e-17
0.8380,6.5542e-17
0.8384,6.6329e-17
0.8388,6.6199e-17
0.8393,6.7562e-17
0.8397,6.8476e-17
0.8401,6.8777e-17
0.8405,6.8885e-17
0.8409,6.8995e-17
0.8414,7.0318e-17
0.8418,7.0492e-17
0.8422,7.0046e-17
0.8426,7.0887e-17
0.8430,7.0065e-17
0.8435,6.7748e-17
0.8439,6.6297e-17
0.8443,6.5311e-17
0.8447,6.3936e-17
0.8452,6.3424e-17
0.8456,6.2652e-17
0.8460,6.3276e-17
0.8464,6.3766e-17
0.8468,6.3953e-17
0.8473,6.4695e-17
0.8477,6.5956e-17
0.8481,6.7336e-17
0.8485,6.8467e-17
0.8490,6.9632e-17
0.8494,7.0155e-17
0.8498,6.9966e-17
0.8502,7.0443e-17
0.8507,7.0867e-17
0.8511,7.0683e-17
0.8515,7.0330e-17
0.8519,6.9667e-17
0.8524,7.0299e-17
0.8528,7.1613e-17
0.8532,7.2776e-17
0.8536,7.3055e-17
0.8541,7.1465e-17
0.8545,7.1350e-17
0.8549,7.2289e-17
0.8554,7.3347e-17
0.8558,7.4441e-17
0.8562,7.5011e-17
0.8566,7.6081e-17
0.8571,7.6741e-17
0.8575,7.4726e-17
0.8579,7.3392e-17
0.8584,7.4992e-17
0.8588,7.6444e-17
0.8592,7.6625e-17
0.8596,7.7075e-17
0.8601,7.7054e-17
0.8605,7.6263e-17
0.8609,7.5675e-17
0.8614,7.4726e-17
0.8618,7.3969e-17
0.8622,7.3914e-17
0.8627,7.2541e-17
0.8631,7.1804e-17
0.8635,7.2307e-17
0.8640,7.2312e-17
0.8644,7.1942e-17
0.8648,7.2875e-17
0.8652,7.5027e-17
0.8657,7.7537e-17
0.8661,7.8805e-17
0.8665,7.8745e-17
0.8670,7.6802e-17
0.8674,7.5890e-17
0.8678,7.7209e-17
0.8683,7.6851e-17
0.8687,7.6815e-17
0.8692,7.7178e-17
0.8696,7.4655e-17
0.8700,7.3548e-17
0.8705,7.4625e-17
0.8709,7.4870e-17
0.8713,7.3721e-17
0.8718,7.4365e-17
0.8722,7.6058e-17
0.8726,7.7454e-17
0.8731,7.9404e-17
0.8735,7.9620e-17
0.8739,7.8631e-17
0.8744,8.0379e-17
0.8748,8.2217e-17
0.8753,8.2881e-17
0.8757,8.5945e-17
0.8761,8.7641e-17
0.8766,8.6379e-17
0.8770,8.8094e-17
0.8774,9.2491e-17
0.8779,9.3075e-17
0.8783,9.2461e-17
0.8788,9.4118e-17
0.8792,9.6423e-17
0.8796,9.9321e-17
0.8801,9.8727e-17
0.8805,9.6309e-17
0.8810,9.8185e-17
0.8814,1.0250e-16
0.8818,1.0821e-16
0.8823,1.0829e-16
0.8827,1.0490e-16
0.8832,1.0675e-16
0.8836,1.1137e-16
0.8840,1.1347e-16
0.8845,1.1157e-16
0.8849,1.0972e-16
0.8854,1.1475e-16
0.8858,1.1430e-16
0.8863,1.0480e-16
0.8867,9.8457e-17
0.8871,9.4928e-17
0.8876,9.4184e-17
0.8880,9.7495e-17
0.8885,9.7572e-17
0.8889,9.7903e-17
0.8894,9.9329e-17
0.8898,9.9240e-17
0.8903,1.0266e-16
0.8907,1.0519e-16
0.8911,1.0392e-16
0.8916,1.0026e-16
0.8920,9.7144e-17
0.8925,9.8373e-17
0.8929,1.0115e-16
0.8934,1.0592e-16
0.8938,1.0551e-16
0.8943,1.0233e-16
0.8947,1.0306e-16
0.8952,1.0319e-16
0.8956,1.0398e-16
0.8961,1.0656e-16
0.8965,1.0620e-16
0.8970,1.0533e-16
0.8974,1.0660e-16
0.8979,1.1040e-16
0.8983,1.1215e-16
0.8988,1.1314e-16
0.8992,1.1415e-16
0.8997,1.1860e-16
0.9001,1.1912e-16
0.9006,1.2162e-16
0.9010,1.2347e-16
0.9015,1.2222e-16
0.9019,1.1960e-16
0.9024,1.1693e-16
0.9028,1.1530e-16
0.9033,1.1831e-16
0.9037,1.2332e-16
0.9042,1.2514e-16
0.9046,1.2813e-16
0.9051,1.3001e-16
0.9055,1.2488e-16
0.9060,1.2366e-16
0.9064,1.2643e-16
0.9069,1.2742e-16
0.9073,1.2705e-16
0.9078,1.3127e-16
0.9082,1.3427e-16
0.9087,1.3211e-16
0.9091,1.3463e-16
0.9096,1.3875e-16
0.9101,1.4137e-16
0.9105,1.4075e-16
0.9110,1.3885e-16
0.9114,1.4657e-16
0.9119,1.4881e-16
0.9123,1.4615e-16
0.9128,1.4223e-16
0.9132,1.3896e-16
0.9137,1.3950e-16
0.9142,1.4256e-16
0.9146,1.4758e-16
0.9151,1.4497e-16
0.9155,1.4204e-16
0.9160,1.4766e-16
0.9164,1.5143e-16
0.9169,1.5017e-16
0.9174,1.4426e-16
0.9178,1.4391e-16
0.9183,1.5366e-16
0.9187,1.6048e-16
0.9192,1.6361e-16
0.9197,1.5920e-16
0.9201,1.5996e-16
0.9206,1.5989e-16
0.9210,1.5417e-16
0.9215,1.5587e-16
0.9220,1.5395e-16
0.9224,1.5131e-16
0.9229,1.5082e-16
0.9233,1.4669e-16
0.9238,1.4425e-16
0.9243,1.4576e-16
0.9247,1.4605e-16
0.9252,1.4407e-16
0.9257,1.4464e-16
0.9261,1.4150e-16
0.9266,1.3509e-16
0.9270,1.2697e-16
0.9275,1.1100e-16
0.9280,9.5753e-17
0.9284,9.4918e-17
0.9289,9.9431e-17
0.9294,1.0075e-16
0.9298,1.0190e-16
0.9303,1.0718e-16
0.9308,1.1211e-16
0.9312,1.1575e-16
0.9317,1.1652e-16
0.9322,1.1080e-16
0.9326,1.0772e-16
0.9331,1.0662e-16
0.9336,1.0541e-16
0.9340,1.0962e-16
0.9345,1.1386e-16
0.9350,1.1215e-16
0.9354,1.1104e-16
0.9359,1.1231e-16
0.9364,1.1620e-16
0.9368,1.1856e-16
0.9373,1.1950e-16
0.9378,1.1901e-16
0.9382,1.1681e-16
0.9387,1.1573e-16
0.9392,1.1581e-16
0.9396,1.2041e-16
0.9401,1.2446e-16
0.9406,1.2556e-16
0.9411,1.2623e-16
0.9415,1.2590e-16
0.9420,1.2729e-16
0.9425,1.3041e-16
0.9429,1.3201e-16
0.9434,1.3504e-16
0.9439,1.3604e-16
0.9443,1.3016e-16
0.9448,1.3536e-16
0.9453,1.4339e-16
0.9458,1.4062e-16
0.9462,1.3869e-16
0.9467,1.4000e-16
0.9472,1.3889e-16
0.9477,1.3742e-16
0.9481,1.3961e-16
0.9486,1.4632e-16
0.9491,1.4991e-16
0.9496,1.4621e-16
0.9500,1.4224e-16
0.9505,1.4144e-16
0.9510,1.4494e-16
0.9515,1.4355e-16
0.9519,1.3851e-16
0.9524,1.4708e-16
0.9529,1.5876e-16
0.9534,1.5859e-16
0.9538,1.5298e-16
0.9543,1.5185e-16
0.9548,1.5372e-16
0.9553,1.5360e-16
0.9557,1.4704e-16
0.9562,1.4611e-16
0.9567,1.4779e-16
0.9572,1.5012e-16
0.9577,1.5389e-16
0.9581,1.4958e-16
0.9586,1.4305e-16
0.9591,1.3560e-16
0.9596,1.2945e-16
0.9601,1.3179e-16
0.9605,1.3613e-16
0.9610,1.3688e-16
0.9615,1.4149e-16
0.9620,1.4687e-16
0.9625,1.5229e-16
0.9629,1.5628e-16
0.9634,1.5822e-16
0.9639,1.4735e-16
0.9644,1.4444e-16
0.9649,1.5160e-16
0.9653,1.4674e-16
0.9658,1.4559e-16
0.9663,1.5229e-16
0.9668,1.4721e-16
0.9673,1.5224e-16
0.9678,1.6090e-16
0.9682,1.5337e-16
0.9687,1.5335e-16
0.9692,1.5507e-16
0.9697,1.5771e-16
0.9702,1.6860e-16
0.9707,1.6365e-16
0.9712,1.5174e-16
0.9716,1.4949e-16
0.9721,1.4622e-16
0.9726,1.3626e-16
0.9731,1.3355e-16
0.9736,1.3747e-16
0.9741,1.3557e-16
0.9746,1.3864e-16
0.9750,1.4048e-16
0.9755,1.3628e-16
0.9760,1.3800e-16
0.9765,1.4477e-16
0.9770,1.4901e-16
0.9775,1.4672e-16
0.9780,1.4548e-16
0.9785,1.4970e-16
0.9790,1.5225e-16
0.9794,1.5144e-16
0.9799,1.5372e-16
0.9804,1.5317e-16
0.9809,1.5362e-16
0.9814,1.5081e-16
0.9819,1.4424e-16
0.9824,1.4522e-16
0.9829,1.4650e-16
0.9834,1.4459e-16
0.9839,1.4499e-16
0.9844,1.5067e-16
0.9848,1.5266e-16
0.9853,1.5508e-16
0.9858,1.6067e-16
0.9863,1.6448e-16
0.9868,1.6601e-16
0.9873,1.6598e-16
0.9878,1.7191e-16
0.9883,1.7560e-16
0.9888,1.7903e-16
0.9893,1.7515e-16
0.9898,1.5785e-16
0.9903,1.4206e-16
0.9908,1.3220e-16
0.9913,1.2391e-16
0.9918,1.2078e-16
0.9923,1.2509e-16
0.9928,1.2942e-16
0.9933,1.3279e-16
0.9937,1.3835e-16
0.9942,1.4730e-16
0.9947,1.5249e-16
0.9952,1.5570e-16
0.9957,1.5430e-16
0.9962,1.5716e-16
0.9967,1.6174e-16
0.9972,1.5077e-16
0.9977,1.4987e-16
0.9982,1.5446e-16
0.9987,1.4847e-16
0.9992,1.4578e-16
0.9997,1.5032e-16
